days_to_departure,seats_remaining,historical_demand,competitor_price,booking_velocity,is_weekend,flight_capacity,occupied_seats,occupancy_rate,ticket_price
39,38,51,8030,30,1,150,112,0.7466666667,10783
52,96,30,8232,1,1,180,84,0.4666666667,8341
29,99,64,7250,11,0,180,81,0.45,9062
15,76,52,6657,7,0,220,144,0.6545454545,9802
43,43,60,8183,17,1,150,107,0.7133333333,10643
8,158,27,3843,27,1,180,22,0.1222222222,8253
21,166,30,8913,20,1,180,14,0.07777777778,9056
39,122,70,8166,24,1,180,58,0.3222222222,9396
58,7,60,4110,18,1,220,213,0.9681818182,9769
19,127,36,5227,22,0,180,53,0.2944444444,8298
23,54,95,5790,29,0,180,126,0.7,11322
11,16,65,5354,22,0,150,134,0.8933333333,10804
11,58,51,6108,12,1,150,92,0.6133333333,10531
24,137,98,8555,9,1,180,43,0.2388888889,10500
53,61,99,5579,5,1,180,119,0.6611111111,9322
36,149,73,5824,10,1,150,1,0.006666666667,7765
40,116,39,8127,4,0,220,104,0.4727272727,8256
24,51,52,4677,5,0,220,169,0.7681818182,9223
3,155,93,4591,28,1,220,65,0.2954545455,10812
22,89,59,8479,28,0,220,131,0.5954545455,10636
53,146,51,6291,10,0,220,74,0.3363636364,7315
2,70,21,5249,11,1,220,150,0.6818181818,9646
24,79,52,6175,21,1,220,141,0.6409090909,10798
44,107,96,4281,24,1,220,113,0.5136363636,10159
30,170,49,6548,10,1,150,-20,-0.1333333333,7659
38,42,52,5605,28,1,220,178,0.8090909091,10312
2,54,96,7367,8,1,220,166,0.7545454545,12330
60,102,45,8476,2,0,220,118,0.5363636364,8345
21,86,41,8042,23,0,180,94,0.5222222222,9922
33,34,85,5613,8,1,150,116,0.7733333333,10489
12,83,57,8873,16,0,150,67,0.4466666667,10632
58,95,65,7470,27,1,150,55,0.3666666667,8742
22,56,34,5491,22,1,220,164,0.7454545455,10571
44,170,63,4567,5,1,220,50,0.2272727273,7615
25,83,68,5077,27,1,180,97,0.5388888889,10002
49,34,94,4511,25,0,150,116,0.7733333333,9642
27,110,80,5774,29,1,220,110,0.5,10337
59,55,86,8369,3,0,150,95,0.6333333333,8878
42,85,25,5314,12,1,180,95,0.5277777778,8855
28,137,28,5926,13,1,180,43,0.2388888889,8400
60,33,25,8797,13,1,180,147,0.8166666667,9820
16,136,92,7902,10,0,150,14,0.09333333333,9442
15,142,51,8374,4,1,220,78,0.3545454545,9805
47,149,60,6051,9,1,220,71,0.3227272727,8350
51,78,95,7157,22,1,180,102,0.5666666667,10185
44,21,27,3507,24,0,220,199,0.9045454545,8897
55,88,91,6055,23,0,180,92,0.5111111111,8813
52,73,69,3975,27,0,150,77,0.5133333333,8771
57,38,81,8916,2,1,180,142,0.7888888889,9775
3,10,81,5711,19,0,150,140,0.9333333333,11581
37,57,26,3984,1,1,180,123,0.6833333333,8857
51,130,94,8500,25,0,220,90,0.4090909091,9768
7,47,99,8154,29,0,220,173,0.7863636364,12594
21,119,23,5785,7,1,180,61,0.3388888889,8646
9,115,25,8723,17,0,220,105,0.4772727273,9557
39,155,77,8829,3,1,220,65,0.2954545455,8971
18,84,41,8063,20,1,220,136,0.6181818182,10667
4,99,45,7025,20,0,150,51,0.34,9520
25,122,22,6839,21,1,220,98,0.4454545455,9383
60,148,60,6322,30,1,150,2,0.01333333333,7872
14,12,79,8443,3,0,180,168,0.9333333333,11895
50,136,33,6424,3,0,220,84,0.3818181818,7503
58,108,94,3758,17,1,220,112,0.5090909091,8575
9,136,31,3782,7,0,220,84,0.3818181818,8085
26,29,31,5398,27,1,180,151,0.8388888889,10397
53,100,32,7635,26,1,150,50,0.3333333333,8386
2,159,44,6476,14,0,150,-9,-0.06,7940
20,97,64,5767,17,0,220,123,0.5590909091,10182
28,164,38,6700,18,0,180,16,0.08888888889,7878
47,65,74,8610,13,0,180,115,0.6388888889,9755
60,126,64,4112,20,1,180,54,0.3,7901
7,55,27,4187,29,1,180,125,0.6944444444,10620
44,151,72,7190,20,0,180,29,0.1611111111,8617
8,25,74,4112,21,0,150,125,0.8333333333,10729
47,9,51,5807,27,1,150,141,0.94,10690
35,96,70,6513,18,1,150,54,0.36,9245
14,174,63,5281,4,1,220,46,0.2090909091,8784
17,65,89,6091,1,1,180,115,0.6388888889,10596
36,26,37,6196,18,0,220,194,0.8818181818,9869
50,153,41,7458,1,1,180,27,0.15,7465
40,74,56,8748,26,1,150,76,0.5066666667,10525
4,5,75,4074,26,0,220,215,0.9772727273,11521
2,137,78,5410,13,1,150,13,0.08666666667,9547
6,16,22,8608,20,1,180,164,0.9111111111,11682
54,94,47,7104,20,0,180,86,0.4777777778,9196
42,50,93,4169,23,0,180,130,0.7222222222,9590
4,38,54,7864,10,0,150,112,0.7466666667,10813
54,82,80,4783,27,1,180,98,0.5444444444,9645
29,49,73,4423,11,1,150,101,0.6733333333,9802
18,159,82,4625,9,0,220,61,0.2772727273,8970
26,77,98,5029,9,0,180,103,0.5722222222,9781
44,30,26,5094,5,1,180,150,0.8333333333,8876
34,51,95,3746,26,0,180,129,0.7166666667,9928
10,125,68,7211,1,0,220,95,0.4318181818,9410
36,60,50,5060,17,0,180,120,0.6666666667,9002
14,98,77,5900,22,1,150,52,0.3466666667,10237
31,111,80,5743,2,1,150,39,0.26,8533
48,67,43,7364,24,1,180,113,0.6277777778,9731
15,52,39,5439,13,1,180,128,0.7111111111,9952
8,65,56,8525,9,1,220,155,0.7045454545,11577
14,85,23,6569,29,1,220,135,0.6136363636,10759
23,30,39,3726,4,0,220,190,0.8636363636,8983
60,40,79,7047,5,1,180,140,0.7777777778,9502
57,5,43,3764,11,1,220,215,0.9772727273,9181
40,12,69,4895,24,0,220,208,0.9454545455,10658
21,117,68,7057,19,1,150,33,0.22,10050
16,103,70,4145,21,1,220,117,0.5318181818,9816
45,51,55,6490,3,0,150,99,0.66,8974
18,131,85,8983,12,0,150,19,0.1266666667,9530
47,60,98,5399,26,0,220,160,0.7272727273,10150
53,18,53,6004,19,1,150,132,0.88,10131
24,32,55,6272,19,0,180,148,0.8222222222,10329
26,82,25,8845,13,1,180,98,0.5444444444,10214
25,134,58,8577,28,1,220,86,0.3909090909,10922
60,113,61,4654,7,1,180,67,0.3722222222,7988
60,158,77,4087,15,1,150,-8,-0.05333333333,6312
60,18,31,8071,23,0,180,162,0.9,9523
45,60,22,5321,7,0,220,160,0.7272727273,7694
41,119,37,4485,26,1,220,101,0.4590909091,8548
29,11,59,7579,8,0,150,139,0.9266666667,10002
15,7,40,6848,5,1,220,213,0.9681818182,11199
45,115,34,7331,21,1,180,65,0.3611111111,8843
1,155,45,4741,14,1,220,65,0.2954545455,9328
25,111,27,3689,4,0,150,39,0.26,6855
7,22,61,4480,23,1,220,198,0.9,11657
9,42,63,5198,10,1,180,138,0.7666666667,10616
24,119,33,5215,20,0,150,31,0.2066666667,7708
1,19,97,6093,15,0,180,161,0.8944444444,11742
44,123,21,7636,18,0,150,27,0.18,7466
8,32,56,8538,20,0,220,188,0.8545454545,11581
24,43,88,7933,13,1,150,107,0.7133333333,11326
11,21,57,8933,29,0,150,129,0.86,12200
51,90,60,4598,8,1,220,130,0.5909090909,8838
17,130,81,5826,9,0,180,50,0.2777777778,9430
8,48,79,6747,16,0,220,172,0.7818181818,11349
35,29,33,4395,19,0,150,121,0.8066666667,9240
35,149,21,5174,16,0,220,71,0.3227272727,7622
33,17,89,6409,7,0,150,133,0.8866666667,10136
59,29,36,4430,14,0,220,191,0.8681818182,8293
5,72,47,7884,28,1,220,148,0.6727272727,11649
42,142,85,4223,14,0,180,38,0.2111111111,7711
39,71,54,6440,25,0,150,79,0.5266666667,9262
58,113,24,4589,27,0,180,67,0.3722222222,7156
41,150,84,8078,4,0,150,0,0,7590
28,115,59,4435,26,1,220,105,0.4772727273,9595
7,115,95,5795,15,0,150,35,0.2333333333,9579
9,38,75,3655,3,0,180,142,0.7888888889,9366
8,115,55,4570,5,0,180,65,0.3611111111,8362
12,12,64,5458,1,0,180,168,0.9333333333,10554
34,172,42,6001,3,1,150,-22,-0.1466666667,7104
33,117,66,7719,15,0,180,63,0.35,8531
48,87,50,8563,24,1,180,93,0.5166666667,9633
55,46,30,7330,27,0,180,134,0.7444444444,9334
23,173,29,4354,8,1,220,47,0.2136363636,8046
24,105,86,4139,29,1,220,115,0.5227272727,10321
37,10,33,5738,4,0,150,140,0.9333333333,9103
35,30,99,5102,2,0,150,120,0.8,10207
44,68,93,3941,29,1,180,112,0.6222222222,10300
40,63,29,8128,24,1,220,157,0.7136363636,10450
22,113,95,4836,24,0,180,67,0.3722222222,9589
27,125,20,7200,10,1,180,55,0.3055555556,8860
35,37,24,4448,4,1,220,183,0.8318181818,8568
1,154,39,6873,3,1,220,66,0.3,9773
35,25,27,3959,2,0,220,195,0.8863636364,8563
37,74,62,8146,25,1,150,76,0.5066666667,10385
47,116,95,3892,17,1,150,34,0.2266666667,8177
14,8,20,7438,23,1,180,172,0.9555555556,11048
3,98,76,5287,21,0,150,52,0.3466666667,9987
1,79,83,8440,24,0,220,141,0.6409090909,12070
5,66,47,5757,20,1,220,154,0.7,11186
26,98,56,4638,23,0,150,52,0.3466666667,8851
55,99,66,7308,13,1,180,81,0.45,9087
14,156,95,8241,5,0,180,24,0.1333333333,9224
39,59,56,5954,30,0,150,91,0.6066666667,9793
27,141,68,4966,21,1,180,39,0.2166666667,8747
9,135,63,7174,30,0,180,45,0.25,10289
15,35,75,4877,9,0,180,145,0.8055555556,10355
15,44,47,6097,25,0,220,176,0.8,10708
26,40,98,3641,29,1,220,180,0.8181818182,11550
42,156,25,6159,25,0,150,-6,-0.04,7125
60,10,80,8096,28,0,220,210,0.9545454545,11000
13,70,39,4339,22,1,180,110,0.6111111111,9830
51,79,97,7118,6,0,220,141,0.6409090909,9664
32,8,21,7417,5,0,150,142,0.9466666667,9524
39,83,92,4095,25,0,220,137,0.6227272727,9855
49,138,56,5404,10,0,180,42,0.2333333333,6938
52,122,39,3780,8,0,180,58,0.3222222222,6650
32,117,45,3923,7,1,150,33,0.22,7471
4,98,48,7865,7,1,220,122,0.5545454545,10916
30,66,20,7749,6,0,220,154,0.7,9436
37,83,54,5250,21,0,220,137,0.6227272727,9242
23,140,89,8257,29,0,180,40,0.2222222222,10184
39,30,78,5467,20,1,150,120,0.8,10782
45,177,88,7588,3,1,220,43,0.1954545455,8978
15,48,52,7678,19,0,180,132,0.7333333333,10805
43,137,70,6446,22,0,180,43,0.2388888889,8328
29,74,97,4949,15,1,180,106,0.5888888889,10522
36,158,31,8894,4,0,220,62,0.2818181818,7642
13,122,39,5831,28,1,220,98,0.4454545455,10349
32,72,72,8575,12,1,220,148,0.6727272727,10680
7,23,62,5720,6,0,220,197,0.8954545455,10737
59,24,69,7289,19,1,220,196,0.8909090909,10666
51,117,48,6310,4,0,220,103,0.4681818182,7697
22,144,76,8994,15,0,220,76,0.3454545455,10170
28,51,58,8228,9,0,220,169,0.7681818182,10625
2,5,75,5031,5,0,220,215,0.9772727273,11272
42,94,62,8382,13,0,180,86,0.4777777778,9308
45,146,69,6490,23,0,220,74,0.3363636364,8674
57,68,42,7993,26,1,150,82,0.5466666667,9438
53,42,63,4643,18,1,180,138,0.7666666667,9191
6,41,57,4433,30,1,220,179,0.8136363636,11442
28,130,42,4960,30,1,150,20,0.1333333333,8244
28,143,64,6223,5,0,220,77,0.35,8328
44,104,71,6012,25,1,150,46,0.3066666667,8635
44,81,99,3785,16,1,150,69,0.46,9294
20,7,69,3764,27,1,150,143,0.9533333333,11811
30,165,27,5867,19,0,150,-15,-0.1,6754
11,138,20,6947,14,1,180,42,0.2333333333,9243
58,14,27,8822,25,0,180,166,0.9222222222,10185
55,9,48,8416,30,1,150,141,0.94,10713
28,155,24,5262,16,0,220,65,0.2954545455,7568
25,142,66,6548,27,0,150,8,0.05333333333,8903
39,176,53,5881,15,1,180,4,0.02222222222,7728
33,134,84,5769,22,0,220,86,0.3909090909,9019
1,17,74,3540,4,0,180,163,0.9055555556,10479
57,172,62,3567,7,1,180,8,0.04444444444,6596
27,134,93,4487,16,1,220,86,0.3909090909,9485
57,88,49,7508,24,1,150,62,0.4133333333,8250
52,69,36,6698,22,0,150,81,0.54,8412
13,67,45,8874,21,0,150,83,0.5533333333,10508
41,105,27,8290,22,0,150,45,0.3,8396
3,77,66,6024,21,1,220,143,0.65,11689
39,21,95,4585,8,0,220,199,0.9045454545,10098
6,13,91,5979,17,0,220,207,0.9409090909,12001
8,147,65,5193,16,0,180,33,0.1833333333,9162
27,156,87,5815,27,0,220,64,0.2909090909,9495
9,42,52,8654,23,0,150,108,0.72,11884
37,167,20,4278,10,0,180,13,0.07222222222,5985
33,98,38,8089,10,0,150,52,0.3466666667,8308
51,99,50,5085,27,1,150,51,0.34,8605
42,53,99,4992,2,1,220,167,0.7590909091,10321
44,73,33,4160,30,1,220,147,0.6681818182,9198
24,66,72,4848,9,0,150,84,0.56,9010
15,82,67,8923,17,0,150,68,0.4533333333,10907
59,121,88,4799,11,1,180,59,0.3277777778,7989
54,124,81,7440,10,0,220,96,0.4363636364,8772
32,141,85,5486,22,1,180,39,0.2166666667,9630
32,166,83,5544,25,0,180,14,0.07777777778,8358
24,80,89,7016,17,0,180,100,0.5555555556,10222
41,39,82,8943,4,1,150,111,0.74,10598
52,5,92,4558,16,1,180,175,0.9722222222,10778
49,44,52,4476,20,1,180,136,0.7555555556,9672
49,68,60,8077,15,1,150,82,0.5466666667,9658
58,154,67,4227,25,1,220,66,0.3,8579
52,64,32,6027,27,0,220,156,0.7090909091,8943
12,68,92,6636,21,0,180,112,0.6222222222,11420
39,97,96,8627,5,0,150,53,0.3533333333,9247
2,76,50,3842,6,1,220,144,0.6545454545,10648
3,15,94,4947,17,1,180,165,0.9166666667,12661
49,109,87,5879,1,1,180,71,0.3944444444,8607
37,18,23,7159,25,1,150,132,0.88,10882
49,64,38,4026,19,1,180,116,0.6444444444,9020
56,34,89,5396,4,1,220,186,0.8454545455,10156
17,39,32,8254,17,0,150,111,0.74,9839
59,169,42,5573,9,0,220,51,0.2318181818,6875
49,9,94,8415,24,0,220,211,0.9590909091,11534
2,87,20,3905,2,0,220,133,0.6045454545,8868
2,127,73,5073,8,0,180,53,0.2944444444,9330
28,82,90,8100,15,1,180,98,0.5444444444,10985
54,158,34,7240,7,1,220,62,0.2818181818,8043
23,66,84,7774,27,1,220,154,0.7,11930
37,136,95,7727,6,1,150,14,0.09333333333,8991
32,93,90,5346,1,1,150,57,0.38,9396
33,46,34,4978,15,1,180,134,0.7444444444,9664
1,93,40,5895,23,0,180,87,0.4833333333,10142
19,150,38,4271,26,1,150,0,0,8564
2,44,79,4078,7,1,220,176,0.8,11008
53,76,52,6401,29,1,180,104,0.5777777778,9151
44,43,68,3693,30,1,220,177,0.8045454545,10189
26,108,54,5507,25,0,150,42,0.28,8807
32,18,63,4685,17,0,180,162,0.9,10261
6,36,30,5894,2,1,180,144,0.8,10400
32,129,91,6498,27,0,150,21,0.14,9296
55,170,97,8980,9,0,180,10,0.05555555556,8774
4,101,93,5292,29,1,150,49,0.3266666667,11152
55,27,85,4610,9,1,180,153,0.85,9967
11,67,65,7505,13,1,150,83,0.5533333333,10844
56,147,28,5761,6,1,180,33,0.1833333333,6498
59,157,22,7236,6,1,220,63,0.2863636364,6735
17,149,45,7293,20,0,220,71,0.3227272727,9177
38,57,91,5436,20,1,220,163,0.7409090909,10045
24,108,67,8375,21,1,180,72,0.4,10623
5,108,85,7857,3,1,180,72,0.4,10629
52,43,89,4229,17,0,220,177,0.8045454545,9120
34,138,47,7878,17,1,220,82,0.3727272727,9471
6,71,45,6951,12,1,150,79,0.5266666667,10253
22,139,44,7957,16,1,150,11,0.07333333333,9004
11,46,31,8036,15,0,150,104,0.6933333333,10564
48,19,24,5640,13,1,220,201,0.9136363636,9282
16,115,67,5144,23,1,220,105,0.4772727273,10209
33,161,56,6300,1,1,220,59,0.2681818182,8421
9,37,98,8462,17,0,150,113,0.7533333333,11668
60,159,63,3641,3,1,180,21,0.1166666667,6553
59,168,34,8910,26,1,220,52,0.2363636364,8136
6,161,62,4955,15,1,180,19,0.1055555556,9228
16,42,67,8296,4,0,180,138,0.7666666667,10651
29,101,89,8593,4,1,180,79,0.4388888889,9933
3,159,65,5596,18,1,150,-9,-0.06,8869
20,37,62,4825,17,1,180,143,0.7944444444,10566
60,90,40,8476,19,0,220,130,0.5909090909,9044
59,70,42,4713,11,0,150,80,0.5333333333,7498
36,14,99,4659,20,1,220,206,0.9363636364,11057
19,9,66,8150,3,0,220,211,0.9590909091,11555
26,127,34,7999,8,0,150,23,0.1533333333,8198
3,78,44,8487,14,0,220,142,0.6454545455,10751
19,101,55,8197,26,1,220,119,0.5409090909,10619
20,122,94,3840,1,1,150,28,0.1866666667,8541
32,42,70,7328,14,0,220,178,0.8090909091,10434
7,145,34,5468,2,0,180,35,0.1944444444,8080
52,163,87,4203,29,0,220,57,0.2590909091,8341
41,51,40,7913,23,1,180,129,0.7166666667,10520
33,113,32,8982,4,1,220,107,0.4863636364,8963
40,19,38,5929,24,0,150,131,0.8733333333,9878
39,161,53,5300,27,0,150,-11,-0.07333333333,7199
18,140,97,8963,29,0,220,80,0.3636363636,11732
40,9,87,8412,19,0,150,141,0.94,11370
1,161,71,8148,6,1,220,59,0.2681818182,10239
11,51,46,4355,25,0,150,99,0.66,10014
28,72,48,5312,1,1,180,108,0.6,9145
57,80,47,6366,17,0,220,140,0.6363636364,8049
25,177,54,7142,8,0,180,3,0.01666666667,7915
50,134,27,3682,19,0,180,46,0.2555555556,6611
23,159,35,6612,21,0,220,61,0.2772727273,8638
31,99,55,7992,1,0,180,81,0.45,8670
30,119,49,5017,5,1,220,101,0.4590909091,8465
42,168,37,8502,27,0,180,12,0.06666666667,8286
35,40,21,4856,16,0,220,180,0.8181818182,9259
7,30,68,5674,6,0,220,190,0.8636363636,10903
60,47,96,7129,8,1,150,103,0.6866666667,9398
16,31,23,7128,13,1,220,189,0.8590909091,10889
26,73,94,7596,16,1,220,147,0.6681818182,10897
48,152,26,6739,30,1,180,28,0.1555555556,7924
57,15,93,7191,3,0,220,205,0.9318181818,10194
52,78,58,3518,19,0,150,72,0.48,7973
60,108,32,6903,12,0,180,72,0.4,7536
49,42,50,8179,16,1,180,138,0.7666666667,10518
2,138,90,8051,27,0,150,12,0.08,10488
1,27,82,6504,11,0,180,153,0.85,11097
48,51,75,4632,10,1,180,129,0.7166666667,9336
12,94,61,6839,25,1,180,86,0.4777777778,10786
5,50,80,6811,20,1,180,130,0.7222222222,11895
37,111,61,6872,4,0,150,39,0.26,7887
32,144,75,4487,12,0,150,6,0.04,7234
59,145,55,6821,23,1,180,35,0.1944444444,8719
55,108,87,8115,2,0,180,72,0.4,8443
9,115,26,8454,24,1,150,35,0.2333333333,10494
41,108,73,3673,22,1,150,42,0.28,8222
35,64,20,8962,19,0,150,86,0.5733333333,9525
19,175,63,7241,25,1,180,5,0.02777777778,9395
48,104,64,6552,5,1,180,76,0.4222222222,8421
16,72,66,4226,8,1,220,148,0.6727272727,9966
3,137,32,7260,7,0,150,13,0.08666666667,8387
20,124,41,5375,14,1,180,56,0.3111111111,8694
24,41,40,7533,24,1,150,109,0.7266666667,10819
54,76,28,8943,23,1,180,104,0.5777777778,8897
56,131,45,4489,3,1,150,19,0.1266666667,6735
33,110,28,7244,18,1,180,70,0.3888888889,9363
24,96,34,6186,16,1,220,124,0.5636363636,9783
52,35,29,3919,23,1,220,185,0.8409090909,9676
11,126,61,4093,19,0,150,24,0.16,8652
49,141,91,5274,19,0,180,39,0.2166666667,8442
8,55,43,5959,18,1,180,125,0.6944444444,11107
36,33,99,4435,20,0,150,117,0.78,9583
38,44,68,8703,16,0,180,136,0.7555555556,10602
40,45,45,8732,8,1,150,105,0.7,9727
20,15,56,7308,28,0,180,165,0.9166666667,11170
35,155,87,3831,1,1,150,-5,-0.03333333333,7082
48,5,69,6949,17,1,180,175,0.9722222222,10833
25,50,43,6202,12,1,150,100,0.6666666667,10132
35,105,38,7506,30,1,180,75,0.4166666667,9844
25,153,79,8554,21,1,220,67,0.3045454545,10431
29,94,58,7368,11,0,180,86,0.4777777778,9470
18,114,93,7700,5,1,150,36,0.24,10160
46,168,37,3701,27,0,220,52,0.2363636364,7346
18,61,38,5997,12,1,180,119,0.6611111111,9625
2,5,55,5342,17,1,220,215,0.9772727273,11697
54,67,93,5366,6,1,180,113,0.6277777778,9325
35,59,74,5496,1,0,220,161,0.7318181818,9495
16,119,88,8885,5,1,150,31,0.2066666667,9808
41,172,66,4409,25,1,180,8,0.04444444444,7961
36,147,68,7805,28,1,180,33,0.1833333333,9154
33,153,52,8158,14,1,150,-3,-0.02,8607
4,179,40,6689,5,0,220,41,0.1863636364,8647
33,57,100,4270,22,1,150,93,0.62,10106
14,141,41,6655,24,0,150,9,0.06,8194
21,61,67,6001,27,1,220,159,0.7227272727,11281
48,121,56,6214,1,0,150,29,0.1933333333,7440
20,158,34,8224,30,0,180,22,0.1222222222,8710
56,173,54,7085,18,1,180,7,0.03888888889,7827
8,39,90,5128,16,1,180,141,0.7833333333,11496
7,67,51,3886,9,0,150,83,0.5533333333,9425
3,29,30,6921,19,1,180,151,0.8388888889,11618
17,94,29,8700,22,1,180,86,0.4777777778,10444
33,79,92,7508,5,1,180,101,0.5611111111,9878
48,42,97,7593,27,0,180,138,0.7666666667,10980
12,134,96,7863,2,1,180,46,0.2555555556,10336
59,139,76,5966,30,1,180,41,0.2277777778,8730
51,166,44,5782,15,1,150,-16,-0.1066666667,6806
22,95,21,5356,7,0,180,85,0.4722222222,7989
55,21,83,5498,4,1,180,159,0.8833333333,10104
22,132,54,8976,1,0,220,88,0.4,9506
46,175,26,4736,13,1,150,-25,-0.1666666667,5828
30,112,37,8169,20,0,150,38,0.2533333333,9047
38,156,86,7644,22,1,150,-6,-0.04,8912
38,29,61,4650,7,1,150,121,0.8066666667,9728
45,92,58,7818,15,0,180,88,0.4888888889,8971
51,165,60,4931,23,0,180,15,0.08333333333,7163
54,33,94,5319,14,0,220,187,0.85,10114
8,67,43,5824,23,1,220,153,0.6954545455,11200
27,154,79,4630,19,1,150,-4,-0.02666666667,8572
27,158,65,6158,22,1,220,62,0.2818181818,9526
34,160,38,7000,29,1,220,60,0.2727272727,9399
21,118,87,3874,24,0,150,32,0.2133333333,8671
30,53,61,5620,20,1,150,97,0.6466666667,10339
33,85,51,7520,29,1,220,135,0.6136363636,10561
28,88,58,5521,24,1,180,92,0.5111111111,9403
47,109,55,7205,18,1,220,111,0.5045454545,8993
33,152,55,8649,10,1,220,68,0.3090909091,9209
5,122,22,6759,9,1,180,58,0.3222222222,9396
60,90,92,6935,25,1,180,90,0.5,9599
48,67,27,5389,8,0,150,83,0.5533333333,7545
19,108,89,5323,26,1,150,42,0.28,10309
4,53,60,4974,30,1,220,167,0.7590909091,11472
35,75,87,5742,29,1,180,105,0.5833333333,10974
49,5,32,8775,10,1,150,145,0.9666666667,10696
17,145,68,6743,17,0,220,75,0.3409090909,9538
44,127,79,8660,2,0,180,53,0.2944444444,8789
28,66,21,6634,6,0,220,154,0.7,9121
30,36,79,5570,26,0,150,114,0.76,10493
29,162,24,3859,5,0,150,-12,-0.08,6132
46,33,63,5541,28,0,180,147,0.8166666667,10191
53,53,46,4641,30,1,220,167,0.7590909091,9322
6,177,51,5135,9,0,180,3,0.01666666667,7995
35,34,40,8999,5,0,150,116,0.7733333333,9875
60,148,27,7500,18,1,150,2,0.01333333333,7243
41,172,91,5443,26,0,220,48,0.2181818182,8617
37,23,69,8274,20,1,220,197,0.8954545455,11352
24,22,86,6861,9,1,220,198,0.9,11580
29,5,63,6480,17,0,180,175,0.9722222222,11146
49,82,77,3506,27,1,220,138,0.6272727273,9174
46,119,22,6767,17,0,220,101,0.4590909091,7794
53,179,89,5091,12,0,150,-29,-0.1933333333,6330
31,117,21,8428,7,1,150,33,0.22,8319
35,118,63,6764,27,1,220,102,0.4636363636,9595
60,170,21,6106,3,0,220,50,0.2272727273,6566
33,67,100,6719,10,1,150,83,0.5533333333,10402
52,136,54,6773,2,1,220,84,0.3818181818,8091
21,133,49,4413,25,0,180,47,0.2611111111,8914
32,12,27,5511,3,0,180,168,0.9333333333,9428
23,161,41,4942,16,1,180,19,0.1055555556,8011
33,59,63,6554,2,0,220,161,0.7318181818,9524
3,107,77,7046,28,0,150,43,0.2866666667,10472
18,135,55,7721,24,0,220,85,0.3863636364,10251
25,36,88,8412,10,0,220,184,0.8363636364,11229
42,14,96,6428,6,0,150,136,0.9066666667,10034
31,114,50,5329,22,0,150,36,0.24,7768
54,166,66,4075,26,0,150,-16,-0.1066666667,6876
58,128,74,4429,11,1,180,52,0.2888888889,7564
3,91,99,7259,23,0,220,129,0.5863636364,11823
40,59,81,7199,7,1,150,91,0.6066666667,10041
46,36,49,4963,27,1,220,184,0.8363636364,9963
24,139,74,6775,29,1,180,41,0.2277777778,9919
50,97,35,8428,15,0,180,83,0.4611111111,8891
32,12,31,4554,6,0,150,138,0.92,8784
47,69,36,5400,20,1,150,81,0.54,8676
22,61,35,4957,27,0,220,159,0.7227272727,10039
23,71,31,4899,9,1,150,79,0.5266666667,8652
2,76,27,6915,22,0,220,144,0.6545454545,10808
27,58,22,3942,20,0,150,92,0.6133333333,8800
42,71,35,7150,12,1,220,149,0.6772727273,9567
2,55,49,8152,19,1,220,165,0.75,11739
26,101,42,4678,20,1,220,119,0.5409090909,9085
17,96,24,7958,3,0,220,124,0.5636363636,9399
40,12,84,4757,15,1,180,168,0.9333333333,11413
33,166,49,7134,2,0,220,54,0.2454545455,7953
9,39,40,5341,30,0,150,111,0.74,10154
43,100,89,5809,21,0,180,80,0.4444444444,9332
54,92,41,4410,2,1,180,88,0.4888888889,7802
48,82,91,7840,22,1,220,138,0.6272727273,10440
39,36,51,8137,3,1,180,144,0.8,10031
29,124,52,7509,6,0,220,96,0.4363636364,8730
42,50,35,5669,15,0,150,100,0.6666666667,8569
55,148,95,5672,27,1,220,72,0.3272727273,9187
26,169,57,3623,10,0,180,11,0.06111111111,6940
35,146,33,6658,9,0,150,4,0.02666666667,6720
50,59,55,4285,1,1,220,161,0.7318181818,8685
25,180,42,5916,16,1,150,-30,-0.2,7374
24,11,85,4296,6,1,150,139,0.9266666667,10745
13,78,21,7672,9,0,180,102,0.5666666667,9477
60,11,92,7654,27,0,150,139,0.9266666667,10414
58,165,84,5436,4,0,180,15,0.08333333333,6897
7,155,94,5656,27,0,150,-5,-0.03333333333,9202
57,89,86,7307,28,0,220,131,0.5954545455,9806
36,151,71,4801,2,1,150,-1,-0.006666666667,7468
45,116,81,7663,29,0,220,104,0.4727272727,10115
20,129,42,6640,4,0,220,91,0.4136363636,8723
1,151,45,6736,1,0,150,-1,-0.006666666667,8341
8,40,87,5852,19,1,220,180,0.8181818182,11888
46,33,74,5432,26,1,150,117,0.78,10361
16,86,25,6221,25,1,150,64,0.4266666667,9678
14,6,54,3864,10,0,220,214,0.9727272727,10510
12,133,41,8416,21,1,220,87,0.3954545455,10601
51,51,62,8998,15,1,180,129,0.7166666667,10389
23,152,34,5890,27,1,220,68,0.3090909091,8945
15,15,79,4446,22,0,180,165,0.9166666667,11282
28,134,31,4877,19,1,220,86,0.3909090909,8520
34,123,68,4939,16,0,150,27,0.18,7740
2,144,61,6680,21,0,220,76,0.3454545455,9785
32,24,57,8357,27,1,150,126,0.84,11539
23,9,64,3840,24,0,150,141,0.94,10870
22,41,54,6489,22,1,150,109,0.7266666667,10633
51,170,49,3882,4,0,180,10,0.05555555556,6394
25,141,49,8599,2,1,220,79,0.3590909091,9631
58,57,97,5056,30,1,150,93,0.62,9624
22,176,25,3799,25,1,150,-26,-0.1733333333,6989
58,103,86,3638,13,0,180,77,0.4277777778,7506
58,90,99,3858,28,1,220,130,0.5909090909,9735
22,112,26,8431,1,0,220,108,0.4909090909,8666
49,28,71,5022,17,1,180,152,0.8444444444,9642
52,85,33,6956,13,0,180,95,0.5277777778,8070
42,162,92,5127,4,0,220,58,0.2636363636,8291
6,124,34,4803,7,1,180,56,0.3111111111,8833
15,63,40,8504,17,1,220,157,0.7136363636,11257
54,132,54,4634,9,1,220,88,0.4,7965
43,118,85,5686,4,1,150,32,0.2133333333,7948
60,119,21,8591,19,1,150,31,0.2066666667,7586
37,18,54,6670,1,0,220,202,0.9181818182,9736
33,13,97,7335,10,1,220,207,0.9409090909,11558
8,44,39,5651,4,1,220,176,0.8,10901
53,29,29,4737,9,0,220,191,0.8681818182,8064
60,107,44,7235,13,1,220,113,0.5136363636,8369
44,26,85,6334,14,1,220,194,0.8818181818,10882
44,8,44,7760,10,0,180,172,0.9555555556,9852
5,158,73,4498,6,1,220,62,0.2818181818,8696
39,33,52,6067,16,1,180,147,0.8166666667,10681
4,113,55,4807,6,1,180,67,0.3722222222,9210
6,102,33,4156,17,0,220,118,0.5363636364,9367
45,41,84,6160,10,1,220,179,0.8136363636,10055
32,79,99,5711,18,0,180,101,0.5611111111,9787
52,74,73,5409,27,1,180,106,0.5888888889,9252
30,150,71,7230,22,0,220,70,0.3181818182,9175
47,132,22,5546,18,1,220,88,0.4,7906
35,89,60,6662,3,0,180,91,0.5055555556,8709
55,46,25,4640,20,0,180,134,0.7444444444,8125
40,104,44,3766,27,0,180,76,0.4222222222,7785
52,45,32,5345,21,0,150,105,0.7,8396
16,170,27,5208,25,0,180,10,0.05555555556,8231
13,38,40,7130,28,0,150,112,0.7466666667,11200
50,21,87,6711,15,1,220,199,0.9045454545,10946
60,169,44,5793,15,1,220,51,0.2318181818,7626
42,157,98,7232,4,0,180,23,0.1277777778,8741
30,126,87,7329,29,0,220,94,0.4272727273,10388
19,80,64,5010,27,0,220,140,0.6363636364,10355
17,91,79,3975,9,0,220,129,0.5863636364,9104
56,121,31,4476,27,1,220,99,0.45,7834
19,110,51,4707,26,0,150,40,0.2666666667,8732
28,90,32,8639,19,1,150,60,0.4,9519
58,31,50,5460,24,1,180,149,0.8277777778,9409
55,61,97,4057,28,0,180,119,0.6611111111,9178
26,35,39,8613,17,0,180,145,0.8055555556,10201
37,138,37,4382,11,1,220,82,0.3727272727,7872
26,172,79,5694,25,1,220,48,0.2181818182,9650
53,102,82,8261,9,0,150,48,0.32,9010
23,16,25,6167,10,0,150,134,0.8933333333,10016
9,57,51,8459,18,0,180,123,0.6833333333,11157
12,142,62,8177,20,1,150,8,0.05333333333,9294
53,177,21,8290,13,1,150,-27,-0.18,6640
1,149,79,8847,8,0,150,1,0.006666666667,9482
58,158,42,5110,7,1,150,-8,-0.05333333333,6261
58,126,50,6988,17,1,150,24,0.16,7702
1,50,24,8835,21,0,180,130,0.7222222222,11523
47,68,53,5954,23,0,180,112,0.6222222222,9082
34,134,29,7994,15,1,150,16,0.1066666667,8313
32,58,21,5446,20,1,180,122,0.6777777778,8962
54,111,30,8310,15,0,220,109,0.4954545455,8312
48,55,69,8299,1,0,150,95,0.6333333333,9459
25,40,50,6308,25,0,220,180,0.8181818182,10670
40,119,75,7325,14,0,180,61,0.3388888889,8349
45,30,98,7036,5,0,180,150,0.8333333333,10111
53,33,92,7302,11,1,220,187,0.85,11094
1,153,28,7677,16,1,180,27,0.15,9461
16,15,40,8199,2,1,150,135,0.9,11160
39,44,92,5470,8,1,220,176,0.8,10843
5,15,47,7322,11,0,150,135,0.9,11148
22,168,81,6319,29,0,220,52,0.2363636364,9790
29,117,26,4402,18,0,180,63,0.35,7936
55,43,99,3864,3,1,220,177,0.8045454545,9598
3,58,35,7758,30,1,220,162,0.7363636364,11918
12,102,23,6619,26,1,150,48,0.32,9482
26,59,23,6058,1,0,180,121,0.6722222222,8558
16,115,59,5363,11,1,150,35,0.2333333333,8814
51,156,36,3615,16,0,180,24,0.1333333333,5917
37,154,71,5884,18,0,150,-4,-0.02666666667,7915
22,73,71,8476,30,0,220,147,0.6681818182,11284
57,60,55,7435,16,0,150,90,0.6,9112
29,37,57,8435,23,0,180,143,0.7944444444,11299
14,40,69,8942,10,0,180,140,0.7777777778,11284
28,152,82,5990,18,1,220,68,0.3090909091,9322
5,85,82,8632,6,0,180,95,0.5277777778,10803
47,113,81,4442,19,0,150,37,0.2466666667,7761
49,158,26,5224,4,1,220,62,0.2818181818,6649
30,77,46,5834,27,0,180,103,0.5722222222,9373
46,44,33,6267,13,1,180,136,0.7555555556,9355
52,21,90,4637,24,1,150,129,0.86,10318
5,133,24,6027,14,1,150,17,0.1133333333,8501
12,65,74,7617,3,0,220,155,0.7045454545,10316
16,175,21,6920,10,0,180,5,0.02777777778,7630
26,108,81,8278,6,1,150,42,0.28,10235
26,46,40,7406,1,0,220,174,0.7909090909,9989
48,29,98,7137,23,0,180,151,0.8388888889,10953
21,43,40,6453,24,1,180,137,0.7611111111,10990
39,39,29,5867,27,1,220,181,0.8227272727,10104
36,135,77,7721,14,0,220,85,0.3863636364,8854
33,112,58,3776,8,1,150,38,0.2533333333,7881
30,176,24,5499,19,1,180,4,0.02222222222,7346
37,106,84,4727,14,1,180,74,0.4111111111,9261
23,102,32,7252,10,0,180,78,0.4333333333,9142
58,16,72,7235,17,0,220,204,0.9272727273,10545
10,23,64,4195,9,0,150,127,0.8466666667,10322
54,105,51,4809,29,1,180,75,0.4166666667,8178
5,48,55,7652,6,0,220,172,0.7818181818,10899
36,53,100,6734,11,1,180,127,0.7055555556,10848
34,21,79,7614,25,0,150,129,0.86,11360
52,78,30,5811,7,0,180,102,0.5666666667,7713
31,61,82,6341,17,1,150,89,0.5933333333,10468
10,59,40,7708,28,0,150,91,0.6066666667,10539
58,51,71,7059,28,1,180,129,0.7166666667,10165
19,16,74,6898,1,0,180,164,0.9111111111,10888
58,66,45,4041,22,0,150,84,0.56,7338
32,84,87,6194,5,1,220,136,0.6181818182,10045
1,87,53,8174,9,1,150,63,0.42,10809
56,12,71,4588,18,1,180,168,0.9333333333,10405
5,153,71,6863,24,0,180,27,0.15,9609
45,85,48,3524,27,0,220,135,0.6136363636,8852
4,122,57,5072,21,0,150,28,0.1866666667,9472
16,29,61,6458,2,1,150,121,0.8066666667,10646
24,93,40,7736,29,1,150,57,0.38,9929
16,16,61,5267,26,1,180,164,0.9111111111,11553
55,147,32,8243,11,0,150,3,0.02,6736
2,63,83,5735,27,0,220,157,0.7136363636,11816
49,158,36,3700,28,1,180,22,0.1222222222,7111
28,113,28,6698,6,0,180,67,0.3722222222,8510
32,30,60,3756,26,1,150,120,0.8,10109
27,51,20,7247,8,0,220,169,0.7681818182,9095
20,36,21,8142,4,0,180,144,0.8,9984
24,14,79,5741,18,1,180,166,0.9222222222,11822
12,20,67,6675,28,0,150,130,0.8666666667,11679
50,149,48,7106,11,0,150,1,0.006666666667,7004
35,155,29,6836,5,1,220,65,0.2954545455,8656
60,30,77,8397,15,1,150,120,0.8,10721
33,90,79,8537,28,0,220,130,0.5909090909,10762
33,139,40,3913,18,1,180,41,0.2277777778,7849
51,18,47,5514,2,0,220,202,0.9181818182,9138
43,83,94,4881,22,1,220,137,0.6227272727,10353
37,121,53,4598,11,0,220,99,0.45,8248
12,11,27,6926,26,0,180,169,0.9388888889,11042
3,141,78,7155,25,1,150,9,0.06,10224
1,119,91,4409,13,0,180,61,0.3388888889,9740
33,180,68,3687,4,0,150,-30,-0.2,6053
40,76,98,7544,22,1,220,144,0.6545454545,10933
10,63,36,7256,7,1,220,157,0.7136363636,10664
43,86,79,5515,29,0,220,134,0.6090909091,9576
44,120,64,8909,11,1,220,100,0.4545454545,9732
29,171,88,5592,22,1,220,49,0.2227272727,8980
13,150,51,7144,24,0,150,0,0,8539
12,107,63,5630,4,0,150,43,0.2866666667,8996
31,21,84,8742,28,1,220,199,0.9045454545,12181
46,18,27,3857,15,1,180,162,0.9,9313
2,163,96,8685,1,1,180,17,0.09444444444,10043
51,156,91,5922,23,0,220,64,0.2909090909,8805
50,112,62,7757,3,0,150,38,0.2533333333,7696
35,49,20,8045,14,0,180,131,0.7277777778,9335
23,102,70,4997,6,0,180,78,0.4333333333,8828
17,135,43,8632,18,0,180,45,0.25,8981
26,41,43,5658,25,0,220,179,0.8136363636,10437
8,175,36,6055,1,0,180,5,0.02777777778,7926
29,172,24,8909,6,1,180,8,0.04444444444,7998
26,112,39,5842,6,1,180,68,0.3777777778,8827
10,43,40,6451,21,0,180,137,0.7611111111,10796
26,19,77,4738,16,0,150,131,0.8733333333,10418
34,124,50,4473,29,0,220,96,0.4363636364,8475
51,8,30,8227,5,1,220,212,0.9636363636,10376
41,97,71,7465,17,0,150,53,0.3533333333,8866
7,157,34,4550,10,1,150,-7,-0.04666666667,7662
4,145,26,7201,28,1,220,75,0.3409090909,10641
58,165,47,6280,21,1,180,15,0.08333333333,7624
53,20,70,5088,18,1,180,160,0.8888888889,10138
50,174,77,7378,7,1,220,46,0.2090909091,8210
45,112,24,5868,3,0,180,68,0.3777777778,7363
11,130,24,3936,13,0,150,20,0.1333333333,8210
29,59,27,6328,15,1,180,121,0.6722222222,9915
56,174,83,5056,20,0,180,6,0.03333333333,7322
36,38,29,8672,19,1,180,142,0.7888888889,10742
25,162,57,7358,3,1,220,58,0.2636363636,8904
21,17,100,4804,4,0,150,133,0.8866666667,10582
57,145,27,5884,5,0,180,35,0.1944444444,6233
36,22,44,3682,1,0,220,198,0.9,8644
10,164,92,5089,4,0,180,16,0.08888888889,8497
37,100,85,5087,12,0,150,50,0.3333333333,8437
9,127,98,4159,28,1,180,53,0.2944444444,10391
24,43,69,3659,27,0,150,107,0.7133333333,9934
35,50,86,7453,24,0,180,130,0.7222222222,10854
49,33,68,4511,10,0,150,117,0.78,8946
35,66,55,3552,23,1,180,114,0.6333333333,9500
48,20,87,8641,25,0,150,130,0.8666666667,11502
36,125,97,8649,21,1,180,55,0.3055555556,10419
18,14,60,5807,29,0,180,166,0.9222222222,11836
49,162,81,4728,26,0,220,58,0.2636363636,8314
39,157,29,4535,20,1,220,63,0.2863636364,7838
32,107,40,7202,24,0,150,43,0.2866666667,9038
24,88,55,7545,25,0,180,92,0.5111111111,10025
23,137,31,8445,13,1,150,13,0.08666666667,8081
32,69,21,7949,23,0,220,151,0.6863636364,9708
37,7,32,8694,14,1,150,143,0.9533333333,10842
12,177,72,8586,23,1,150,-27,-0.18,9789
49,146,51,4764,5,1,220,74,0.3363636364,7454
55,124,35,5384,4,1,180,56,0.3111111111,7141
13,162,51,5309,14,1,150,-12,-0.08,8457
23,72,51,6667,10,0,220,148,0.6727272727,9847
25,150,30,7297,17,0,180,30,0.1666666667,8141
35,41,29,5841,10,0,220,179,0.8136363636,8959
41,157,34,6914,26,1,150,-7,-0.04666666667,7863
30,180,36,8707,7,1,180,0,0,8112
17,77,59,4317,16,1,180,103,0.5722222222,9731
49,147,37,5937,1,1,220,73,0.3318181818,7387
20,53,74,4388,17,0,220,167,0.7590909091,9998
48,125,92,8776,21,0,220,95,0.4318181818,9552
25,92,44,4167,29,1,180,88,0.4888888889,9774
22,144,78,8228,9,1,180,36,0.2,9906
13,41,97,6124,6,0,150,109,0.7266666667,11046
59,65,41,7732,19,1,180,115,0.6388888889,9289
19,175,49,8023,13,1,150,-25,-0.1666666667,8217
49,128,63,4318,3,1,220,92,0.4181818182,7902
36,43,51,5688,7,0,220,177,0.8045454545,9594
12,67,70,4606,22,0,180,113,0.6277777778,9790
41,50,65,5724,9,1,220,170,0.7727272727,9771
19,92,40,3697,22,0,220,128,0.5818181818,8873
12,15,51,6171,5,1,180,165,0.9166666667,11406
9,66,58,6992,10,1,150,84,0.56,10488
7,81,31,5948,23,0,180,99,0.55,9446
28,157,66,3970,17,1,150,-7,-0.04666666667,7811
14,56,37,5448,12,1,180,124,0.6888888889,10032
31,8,40,8524,23,0,180,172,0.9555555556,10898
52,63,32,7399,16,1,220,157,0.7136363636,9242
19,76,40,5510,3,1,180,104,0.5777777778,9196
58,152,27,7300,30,1,180,28,0.1555555556,8075
47,97,65,8501,25,0,150,53,0.3533333333,9241
16,67,26,7618,22,1,220,153,0.6954545455,10719
53,58,42,7296,9,0,150,92,0.6133333333,8205
5,121,94,7488,29,1,150,29,0.1933333333,11042
35,114,41,3734,15,1,220,106,0.4818181818,8582
12,78,41,8720,5,1,220,142,0.6454545455,10784
25,111,48,4428,23,1,220,109,0.4954545455,9528
52,61,32,7107,13,0,180,119,0.6611111111,8340
59,173,21,4022,14,0,220,47,0.2136363636,5449
21,7,48,7023,20,1,220,213,0.9681818182,12039
36,124,98,8026,15,1,220,96,0.4363636364,10117
53,10,71,8388,16,1,150,140,0.9333333333,10489
23,9,46,5129,23,1,150,141,0.94,11063
16,9,69,8128,13,1,180,171,0.95,11692
57,58,98,4816,17,1,150,92,0.6133333333,9307
39,51,42,6357,23,1,180,129,0.7166666667,10172
45,13,63,8508,8,1,150,137,0.9133333333,11249
53,103,96,4624,21,0,220,117,0.5318181818,9056
42,24,41,8923,2,0,150,126,0.84,9579
58,126,62,6087,5,0,180,54,0.3,7270
39,65,56,4523,6,1,150,85,0.5666666667,8332
14,127,80,4878,12,1,220,93,0.4227272727,9845
31,167,75,6874,18,1,180,13,0.07222222222,8818
58,86,22,5019,30,0,220,134,0.6090909091,8136
5,66,82,3726,22,1,220,154,0.7,11688
35,149,38,8855,22,0,180,31,0.1722222222,8075
23,7,42,8468,1,1,220,213,0.9681818182,11006
29,164,48,4391,30,0,220,56,0.2545454545,7902
43,17,49,7572,17,0,150,133,0.8866666667,9999
11,124,58,8632,30,0,220,96,0.4363636364,10560
18,129,44,5757,11,1,220,91,0.4136363636,8954
47,93,27,6288,10,0,220,127,0.5772727273,8323
12,77,77,3896,19,1,220,143,0.65,10719
9,72,35,8719,14,1,180,108,0.6,11084
10,146,91,5578,26,1,150,4,0.02666666667,9640
58,105,20,8244,10,1,220,115,0.5227272727,8392
44,102,24,7924,15,1,220,118,0.5363636364,9506
17,15,22,6737,28,0,180,165,0.9166666667,10815
38,109,84,7393,19,1,220,111,0.5045454545,10511
7,71,23,8547,4,1,180,109,0.6055555556,10208
46,127,83,5505,2,1,150,23,0.1533333333,8069
13,33,29,5516,9,1,150,117,0.78,10064
40,141,40,6671,10,1,220,79,0.3590909091,8041
42,157,65,6168,28,0,220,63,0.2863636364,8679
9,80,46,5378,11,0,220,140,0.6363636364,9634
50,174,85,4696,14,1,180,6,0.03333333333,7238
27,13,60,5272,7,0,220,207,0.9409090909,10169
58,44,32,3661,23,0,220,176,0.8,8043
2,29,28,7476,15,1,150,121,0.8066666667,12121
5,9,55,5251,22,0,220,211,0.9590909091,11009
29,143,77,4275,19,1,150,7,0.04666666667,8042
37,128,73,8647,22,0,220,92,0.4181818182,10023
38,42,31,4439,15,0,150,108,0.72,8589
19,76,100,6720,30,0,220,144,0.6545454545,11641
8,137,97,4039,28,1,150,13,0.08666666667,9911
48,180,33,8417,24,0,180,0,0,7313
45,94,53,4961,8,0,150,56,0.3733333333,7274
1,150,72,8684,11,1,150,0,0,10185
22,41,39,3855,29,1,150,109,0.7266666667,9869
52,64,94,7104,9,0,220,156,0.7090909091,9830
17,180,35,6823,15,1,220,40,0.1818181818,9141
7,32,89,3734,1,0,220,188,0.8545454545,10457
25,85,75,5048,30,0,180,95,0.5277777778,9894
45,118,77,5596,1,1,180,62,0.3444444444,8132
4,44,23,7713,19,1,150,106,0.7066666667,11203
36,49,23,5601,3,1,180,131,0.7277777778,8181
6,66,39,5173,10,0,150,84,0.56,9594
60,97,29,8663,8,1,150,53,0.3533333333,8058
31,119,43,5600,15,0,150,31,0.2066666667,7778
19,71,45,7157,10,1,180,109,0.6055555556,10261
44,60,56,8153,1,0,220,160,0.7272727273,8980
54,44,73,7096,29,1,180,136,0.7555555556,9976
39,102,40,7248,18,0,150,48,0.32,8474
27,44,93,6673,2,1,150,106,0.7066666667,11016
10,95,57,5315,19,0,180,85,0.4722222222,9252
26,37,65,7341,13,1,150,113,0.7533333333,10647
19,10,23,5505,22,1,150,140,0.9333333333,10983
39,151,79,7993,1,0,180,29,0.1611111111,8263
3,84,76,4174,2,1,180,96,0.5333333333,10817
45,172,64,3886,29,0,180,8,0.04444444444,7566
13,96,39,5658,16,0,150,54,0.36,9110
50,101,36,6161,15,1,150,49,0.3266666667,7852
28,63,90,5564,13,0,220,157,0.7136363636,10358
58,63,23,7351,16,1,220,157,0.7136363636,9397
20,52,33,6753,17,1,180,128,0.7111111111,10369
28,173,22,8479,21,0,220,47,0.2136363636,8482
8,17,99,8136,29,1,150,133,0.8866666667,13346
41,111,77,7766,29,0,220,109,0.4954545455,9828
39,49,74,4239,7,0,150,101,0.6733333333,8959
1,93,23,4901,24,1,180,87,0.4833333333,10055
3,174,43,6759,26,1,180,6,0.03333333333,9839
13,104,53,5777,17,0,150,46,0.3066666667,9011
28,159,49,7404,7,0,220,61,0.2772727273,8599
57,170,38,7423,13,1,180,10,0.05555555556,7227
60,11,50,7714,5,1,180,169,0.9388888889,9980
49,137,79,6727,26,1,220,83,0.3772727273,9468
25,49,79,6331,17,1,220,171,0.7772727273,11300
56,62,38,7258,3,0,150,88,0.5866666667,8186
33,35,68,6012,7,1,220,185,0.8409090909,10173
38,27,82,5651,26,0,220,193,0.8772727273,10976
53,174,41,7175,17,0,220,46,0.2090909091,7457
6,142,43,6245,7,1,150,8,0.05333333333,8513
58,164,95,7366,21,0,150,-14,-0.09333333333,7399
44,111,49,7264,1,1,180,69,0.3833333333,8518
45,162,77,5722,17,0,150,-12,-0.08,7195
32,43,50,6292,30,1,180,137,0.7611111111,10879
45,163,83,5197,17,0,220,57,0.2590909091,8288
47,86,38,6962,11,0,180,94,0.5222222222,8483
21,104,67,7563,25,1,180,76,0.4222222222,11297
16,6,64,5024,27,1,220,214,0.9727272727,11821
54,81,74,8260,29,0,180,99,0.55,9588
21,16,74,3532,3,0,150,134,0.8933333333,9360
11,43,37,7525,15,1,150,107,0.7133333333,10628
60,17,82,6066,29,0,150,133,0.8866666667,10476
37,50,66,6303,21,1,150,100,0.6666666667,10484
36,159,94,7396,11,0,180,21,0.1166666667,8279
35,117,76,7209,26,1,180,63,0.35,10621
19,21,64,4219,28,0,220,199,0.9045454545,10917
20,108,52,8079,16,1,180,72,0.4,10231
57,102,36,4472,25,1,180,78,0.4333333333,8607
18,92,89,7218,22,0,180,88,0.4888888889,11048
47,113,23,7902,28,1,220,107,0.4863636364,9479
41,167,39,8052,9,0,150,-17,-0.1133333333,7062
49,74,66,5707,24,1,180,106,0.5888888889,9837
14,162,34,7926,24,1,220,58,0.2636363636,9774
15,78,89,7820,1,1,220,142,0.6454545455,11175
31,67,66,6530,29,0,220,153,0.6954545455,10580
1,160,97,7075,25,1,150,-10,-0.06666666667,10223
53,64,94,6616,22,0,180,116,0.6444444444,9553
54,83,28,6785,16,1,220,137,0.6227272727,8772
54,41,35,8678,9,0,150,109,0.7266666667,8758
3,26,88,4143,19,0,220,194,0.8818181818,11441
16,152,80,8211,12,0,220,68,0.3090909091,9435
23,100,29,3694,19,1,220,120,0.5454545455,9127
57,72,69,7496,22,0,220,148,0.6727272727,9101
11,21,22,3988,9,1,220,199,0.9045454545,10036
12,16,96,5704,7,0,150,134,0.8933333333,11385
10,154,89,6157,14,0,180,26,0.1444444444,9512
32,149,100,8845,29,0,180,31,0.1722222222,10191
16,142,70,6776,19,0,180,38,0.2111111111,9372
8,122,38,4602,19,1,180,58,0.3222222222,9006
38,26,61,8743,2,0,150,124,0.8266666667,10349
12,124,54,4741,9,0,150,26,0.1733333333,7898
24,54,65,4015,13,1,150,96,0.64,10082
28,18,45,8723,15,0,220,202,0.9181818182,11047
53,179,88,3892,3,0,220,41,0.1863636364,7306
8,33,83,4130,11,0,220,187,0.85,10788
58,168,56,7216,21,0,180,12,0.06666666667,7112
28,129,68,5347,14,1,220,91,0.4136363636,9088
36,11,40,6155,30,1,180,169,0.9388888889,10670
26,33,93,4479,25,0,220,187,0.85,10500
8,143,83,8029,8,1,180,37,0.2055555556,10453
58,37,24,6902,18,1,220,183,0.8318181818,9620
60,138,89,7371,19,0,220,82,0.3727272727,8866
50,115,23,3777,16,1,150,35,0.2333333333,6960
28,83,58,3732,2,0,220,137,0.6227272727,9050
28,164,54,5052,8,1,220,56,0.2545454545,8374
37,62,20,8709,22,1,150,88,0.5866666667,9927
41,30,43,6770,6,1,180,150,0.8333333333,9830
36,178,76,5909,12,0,150,-28,-0.1866666667,6961
27,33,89,7012,15,1,150,117,0.78,11533
54,8,60,3525,25,0,180,172,0.9555555556,9255
17,103,73,3960,8,0,220,117,0.5318181818,9009
9,145,65,7264,4,1,180,35,0.1944444444,9665
33,43,79,6931,15,0,220,177,0.8045454545,10414
53,19,79,8687,28,1,220,201,0.9136363636,11593
20,123,76,8602,20,0,180,57,0.3166666667,9983
13,33,50,6983,25,0,150,117,0.78,11003
28,161,43,5494,17,1,180,19,0.1055555556,8011
48,79,55,3990,13,1,220,141,0.6409090909,8625
29,120,49,4572,18,1,180,60,0.3333333333,8535
13,36,43,6673,2,1,180,144,0.8,10768
46,134,49,3715,13,0,220,86,0.3909090909,7471
35,179,26,5223,13,0,150,-29,-0.1933333333,6253
6,88,54,5092,22,0,180,92,0.5111111111,10195
18,26,74,6106,15,1,220,194,0.8818181818,11384
51,31,33,3658,20,0,220,189,0.8590909091,8821
5,85,29,8281,29,1,180,95,0.5277777778,11112
47,130,99,6813,27,0,150,20,0.1333333333,8746
25,96,35,6341,10,1,180,84,0.4666666667,9503
2,25,73,5276,29,0,150,125,0.8333333333,11816
10,51,96,5552,3,0,150,99,0.66,10363
56,105,89,5795,19,1,150,45,0.3,8878
30,88,63,5196,3,0,150,62,0.4133333333,8012
50,10,92,6493,22,1,180,170,0.9444444444,11294
59,151,64,5969,14,0,220,69,0.3136363636,7235
45,135,75,5446,8,0,220,85,0.3863636364,7929
5,5,76,7309,27,1,220,215,0.9772727273,13143
55,62,40,6283,23,1,220,158,0.7181818182,8758
56,128,87,7144,30,0,220,92,0.4181818182,9747
33,170,69,8741,4,0,220,50,0.2272727273,8903
54,19,52,6000,27,0,180,161,0.8944444444,9315
1,166,26,7145,28,0,150,-16,-0.1066666667,9079
18,167,89,6145,20,0,220,53,0.2409090909,10200
32,68,34,5849,11,0,180,112,0.6222222222,8761
47,29,51,5432,26,1,220,191,0.8681818182,10014
49,28,94,6794,11,1,220,192,0.8727272727,11200
11,16,39,5257,27,1,150,134,0.8933333333,11270
21,22,34,8585,30,0,150,128,0.8533333333,11274
26,19,67,4616,11,0,150,131,0.8733333333,10359
25,31,90,6067,2,0,220,189,0.8590909091,10471
22,76,40,6999,30,1,220,144,0.6545454545,10753
59,64,61,3992,17,1,220,156,0.7090909091,8535
27,178,45,6806,9,0,150,-28,-0.1866666667,6764
49,149,33,4119,28,0,180,31,0.1722222222,6940
13,97,76,6732,28,1,220,123,0.5590909091,11044
33,57,56,7323,2,1,220,163,0.7409090909,9789
34,12,77,5880,29,1,220,208,0.9454545455,11626
41,83,40,5046,24,0,180,97,0.5388888889,8141
35,31,88,8458,15,0,220,189,0.8590909091,10956
1,178,22,7063,16,0,180,2,0.01111111111,8806
21,54,56,5105,25,1,220,166,0.7545454545,10702
48,135,68,7252,4,1,180,45,0.25,8229
55,97,38,8175,8,0,220,123,0.5590909091,8273
6,176,31,5390,9,0,150,-26,-0.1733333333,7007
28,28,80,4775,26,1,150,122,0.8133333333,11247
17,64,60,6243,26,0,150,86,0.5733333333,10402
5,126,52,5993,5,1,150,24,0.16,8917
31,135,69,8951,16,1,220,85,0.3863636364,10160
5,152,87,8758,13,0,150,-2,-0.01333333333,9924
38,50,90,3856,30,1,180,130,0.7222222222,10193
3,19,52,4369,7,0,150,131,0.8733333333,10374
53,157,100,4385,26,1,150,-7,-0.04666666667,7945
23,21,43,5501,20,1,150,129,0.86,10530
37,130,80,4783,17,0,220,90,0.4090909091,8734
53,88,80,4119,3,1,150,62,0.4133333333,7832
37,13,47,4382,5,0,180,167,0.9277777778,9364
10,170,77,4296,19,0,150,-20,-0.1333333333,7640
10,180,62,7142,12,1,150,-30,-0.2,8737
19,67,60,6925,29,0,150,83,0.5533333333,10403
17,121,58,4796,27,0,180,59,0.3277777778,9064
21,134,68,8214,7,0,150,16,0.1066666667,8456
14,92,36,3744,28,0,180,88,0.4888888889,9398
9,76,89,6395,9,0,180,104,0.5777777778,10371
46,143,89,4429,28,0,150,7,0.04666666667,7527
1,68,84,8866,6,1,180,112,0.6222222222,12133
51,76,93,4019,29,0,220,144,0.6545454545,9246
45,25,24,6712,26,1,150,125,0.8333333333,10021
13,22,21,5909,17,1,150,128,0.8533333333,10860
4,68,41,3507,16,0,180,112,0.6222222222,9541
1,86,76,6025,23,1,180,94,0.5222222222,11744
49,114,85,6923,3,1,150,36,0.24,8262
40,99,93,5519,21,0,220,121,0.55,9586
32,170,35,8090,26,0,180,10,0.05555555556,8176